Timestamp,Optional Identification (Name/IG handle/Discord name) (Removed due to privacy),What K-pop group(s) are you most interested in?,How long have you been a K-pop fan?,How closely do you follow news and updates about your favourite idols?,How closely do you follow other K-pop news and updates?,"How long have you been purchasing K-pop goods? (Albums, photocards, concert tickets, light-sticks, merchandise)",Where do you usually hear K-pop news first?,"How often do you look up your favourite group's stats? (E.g. Views, rankings, charts, etc.)",What kind of ‚Äúpopularity‚Äù data do you tend to care about?,"Would you use a dashboard that summarises your favourite group‚Äôs buzz, upcoming events, current statuses, and updates across all platforms?",What features would make an application like this valuable to you?,"Anything to add/mention? Comments, notes? (about this section)",Have you ever been worried about your finances in relation to K-pop?,What features would make an application like this valuable to you?,Would you use an app like this that helps you budget for K-pop purchases?,Which brands or sponsorships best match your favourite idol's image?,How much do endorsements by your favourite idol affect your interest in a product?,What traits come to mind when you think about your bias‚Äôs brand/image?,"How does your perception of an idol‚Äôs brand change after watching their content (e.g., vlogs, variety shows)?  ","Anything to add/mention? Comments, notes? (about this section)",How important is it to connect with other fans online?,How often are you currently interacting with other fans? ,What would your dream K-pop fan app or platform include?,"What frustrates you about existing fan platforms (like Weverse, Twitter, Instagram, etc.)?
Does not only have to relate to the community function, a general response is fine.",Anything else you wish existed in the K-pop fan world?,Would you be interested in updates about this project?,"Would you be willing to be involved in further research for future projects? (Cleaned for privacy)

If so, please make sure to write how to contact you below! I will be reaching out on Instagram @atsumeruno so please feel free to give us a follow for more direct updates if you're interested.","Anything to add/mention? Comments, notes? (about overall form)"
2025/07/09 12:36:29 am GMT+11,,"SEVENTEEN;BTS;Stray kids, Super junior, Way V",7+ years,Every day,Frequently,7+ years,"Instagram;Official notices (Weverse Notices, Email Newsletters);Red Note",Rarely,I dont really look at those LMAO,Maybe,"Visuals and usability;Customisation (Specific groups, specific members);Effectiveness in summarisation;Ability to search for news sources, photos and more",,No,"K-pop trading card market price tracker;Interactive K-pop trading card templates;Calendar tracker of future merchandise drops and predictions to help budget;Income split, assistive saving tracker",Maybe,,A lot,"You already know it üí™üèº (I'm kidding, I'm not a superficial fan I promise)",I see new sides of them,,Very important,My friends are fans;I am in group chats or servers dedicated to K-pop;I run a fan account/BST account (interacting often),News Feed;Fancam library,Toxicity lol,,Yes,N,
2025/07/09 12:49:05 am GMT+11,,SEVENTEEN,7+ years,Frequently,Occasionally,4-6 years,"Twitter/X;Instagram;Official notices (Weverse Notices, Email Newsletters)",Never,Ticket sale availability,Maybe,Real-time tracking;Visuals and usability;Effectiveness in summarisation,,Yes,"Assistive search engine for purchasing second-hand merchandise;Interactive K-pop trading card templates;Calendar tracker of future merchandise drops and predictions to help budget;Income split, assistive saving tracker",Yes,,A little,,I see new sides of them,,Very important,My friends are fans;I am in group chats or servers dedicated to K-pop;I run a fan account/BST account (interacting often),Chat functions;Fancam library,,,Yes,N,
2025/07/09 1:05:35 am GMT+11,,ENHYPEN;Stray Kids,1-3 years,Frequently,Occasionally,1-3 years,Reddit;Instagram,Rarely,Ticket sale availability,Yes,"Alert systems and notifications;Real-time tracking;Visuals and usability;Customisation (Specific groups, specific members);Effectiveness in summarisation;Ability to search for news sources, photos and more",,Yes,"Assistive search engine for purchasing second-hand merchandise;Information on the norms of fan communities in relation to concert etiquette, BST terminology, etc;Calendar tracker of future merchandise drops and predictions to help budget",Maybe,,Not at all,"Wholesome, cute, funny, comfy",Their brand becomes stronger or more prominent,,A little important,My friends are fans,"News Feed;Ranking dashboards;Fancam library;Community functions, polls, fan letters;Idol interactivity",,,Yes,Y,"Such types of chat platforms also tend to foster both community but also parasocial relationships, so its important to manage that carefully."
2025/07/09 1:17:26 am GMT+11,,"SEVENTEEN;GOT7, DAY6, BOYNEXTDOOR, STRAYKIDS",7+ years,Frequently,Occasionally,4-6 years,Twitter/X;TikTok;Instagram;Website news outlets and articles,Never,"Online fan conversation buzz (Netizen conversations);Merchandise sale availability;Ticket sale availability;Chart performances (Melon, Billboards, Music show competitions)",Yes,"Visuals and usability;Customisation (Specific groups, specific members);Effectiveness in summarisation;Ability to search for news sources, photos and more",,No,"Assistive search engine for purchasing second-hand merchandise;Information on the norms of fan communities in relation to concert etiquette, BST terminology, etc;Calendar tracker of future merchandise drops and predictions to help budget",Maybe,"fashion brands - LV, Fendi, Coach etc",A little,"A balance/mix of professionalism multiple entertainment scenes such as music, fashion, acting etc ",I see new sides of them,,A little important,My friends are fans,News Feed;Chat functions;Fancam library;Idol interactivity,generally gets overwhelmed by information and notifications especially if you are a fans of multiple groups at once,directions for how to purchase tickets in various countries especially for fans who are interested in attending concerts in other countries where they may not be familiar with the ticketing system,No,Y,
2025/07/09 1:25:00 am GMT+11,,"SEVENTEEN;TXT;ENHYPEN;BTS;got7, boynextdoor, nct, aespa",4-6 years,Frequently,Frequently,1-3 years,Twitter/X;TikTok;Instagram;Website news outlets and articles;facebook,Rarely,"Merchandise sale availability;Ticket sale availability;Album sales;Chart performances (Melon, Billboards, Music show competitions)",Yes,"Alert systems and notifications;Real-time tracking;Visuals and usability;Customisation (Specific groups, specific members);Effectiveness in summarisation;Ability to search for news sources, photos and more",,Yes,"K-pop trading card market price tracker;Assistive search engine for purchasing second-hand merchandise;Interactive K-pop trading card templates;Information on the norms of fan communities in relation to concert etiquette, BST terminology, etc;Calendar tracker of future merchandise drops and predictions to help budget;Income split, assistive saving tracker",Yes,ralph lauren,A lot,"sweet, energetic, passionate",I see new sides of them,,Essential,I comment or reply on social media;My friends are fans;I am in group chats or servers dedicated to K-pop;I attend events and meetups;I run a fan account/BST account (interacting often),"News Feed;Chat functions;Ranking dashboards;Fancam library;Community functions, polls, fan letters;Idol interactivity",weverse takes too long to load in for me so i find myself gravitating towards it less and twitter can be super toxic lmao,,Yes,Y,
2025/07/09 1:28:14 am GMT+11,,SEVENTEEN,7+ years,Frequently,Rarely,4-6 years,Twitter/X;YouTube;Instagram,Never,YouTube view counts;Ok tbh I would say none bc I don‚Äôt really keep up with that but if I had to pick it‚Äôd be YouTube views I suppose,No,"Alert systems and notifications;Visuals and usability;Customisation (Specific groups, specific members);Effectiveness in summarisation",I love you Izzy mwah I‚Äôm gonna eep after I submit this google form love youuu sleep well for when you do,Yes,"K-pop trading card market price tracker;Interactive K-pop trading card templates;Information on the norms of fan communities in relation to concert etiquette, BST terminology, etc;Calendar tracker of future merchandise drops and predictions to help budget",Maybe,Currently‚Ä¶ Louis Vuitton‚Ä¶ terribleOK BUT THEY GAVE ME SKATER BOY MINGHAO I love sm blush haohao ,A lot,"It‚Äôs not necessarily a trait but what minghao said about ‚Äúclothes being a genderless concept‚Äù has always stuck with me and I think generally he‚Äôs a very open (minded üíÄ) idol in terms of brand and image, so traits aaaa i suddenly forget English and words. He‚Äôs very expressive and deliberate in what he does associate with, all allowing him to express himself through fashion with vary styles I like minghao just a normal amount you don‚Äôt have to read all this I think the only important part is his quote. Minghao just stands out a lot to me, duh my bias, but everything he does is so eye catching.","Silly goofy aa boy I love minghao and his little giggles, the og answer is ‚ÄúI see new sides of them‚Äù but I need to write about how much I love his little giggles they give me so much joy and it‚Äôs like of course it‚Äôs new sides to them because they‚Äôre not a black and white concept rarely anything is, everything has sides especially people and I think seeing a more complete picture just makes him stand out more to me. I like minghao a lot!!!",<3,A little important,I comment or reply on social media;My friends are fans;I am in group chats or servers dedicated to K-pop;I attend events and meetups,"News Feed;Chat functions;Fancam library;Community functions, polls, fan letters;Idol interactivity","Weverse is often hard to navigate‚Ä¶ and there‚Äôs so many groups it‚Äôs often crowded. 
Twt is just a hellscape, too many chronically online people that say insane things on the daily without filter or care for others.
Nothing much to say about Instagram, less toxic than Twitter but often content and connectivity gets lost in the endless doom scroll of reels. ://",Eunice winning a fancall with minghao :(,Yes,Y,ü´∂ü´∂ü´∂
2025/07/09 1:39:32 am GMT+11,,SEVENTEEN;Kep1er,4-6 years,Rarely,Rarely,Less than 1 year,TikTok,Never,Online fan conversation buzz (Netizen conversations),Maybe,Alert systems and notifications;Visuals and usability,Am no longer really into Kpop so unsure if this skews the data,No,"K-pop trading card market price tracker;Information on the norms of fan communities in relation to concert etiquette, BST terminology, etc;Calendar tracker of future merchandise drops and predictions to help budget;Income split, assistive saving tracker",Yes,,A little,,Their brand becomes stronger or more prominent,,A little important,My friends are fans;I am in group chats or servers dedicated to K-pop;I attend events and meetups,"News Feed;Chat functions;Ranking dashboards;Fancam library;Community functions, polls, fan letters;Idol interactivity",,,Yes,N,
2025/07/09 1:50:58 am GMT+11,,sorry i‚Äôm for the girl groups üòó i like twice and newjeans tho (rip njz),1-3 years,Occasionally,Occasionally,1-3 years,TikTok;YouTube;Instagram,Never,Online fan conversation buzz (Netizen conversations),Yes,"Visuals and usability;Effectiveness in summarisation;Ability to search for news sources, photos and more",i enjoyed this questionnaire a lot! thanks izzy nuggy ,Yes,"Information on the norms of fan communities in relation to concert etiquette, BST terminology, etc;Calendar tracker of future merchandise drops and predictions to help budget",Maybe,Calvin Klein with NJZ (i luv minji),A lot,level of coolness (do u get what i mean ü•Äü•Ä),I see new sides of them,idk if this is useful but i love knowing their mbti and i try to relate my fav idols to myself for some reason or weirdly i‚Äôd try to take some part of their personality and apply it to mine bc i find it to admirable (like minji‚Äôs care for her girlsor being chill like ryujin of itzy),Not important,I don't,Fancam library,idk i don‚Äôt like seeing hate ,i dunno. i‚Äôm not very active :p,Yes,Y,ily pookie
2025/07/09 2:32:10 am GMT+11,,SEVENTEEN;TXT;zb1,7+ years,Every day,Frequently,4-6 years,"Twitter/X;Reddit;YouTube;Instagram;Official notices (Weverse Notices, Email Newsletters)",Rarely,Online fan conversation buzz (Netizen conversations);Merchandise sale availability;Album sales;Award shows,Yes,"Alert systems and notifications;Real-time tracking;Visuals and usability;Customisation (Specific groups, specific members);Ability to search for news sources, photos and more",,Yes,K-pop trading card market price tracker;Assistive search engine for purchasing second-hand merchandise;Interactive K-pop trading card templates;Calendar tracker of future merchandise drops and predictions to help budget,Yes,"luxury and clothing brands such as ysl, dior, adlv etc, and makeup/skincare brands such as colorgram and banila co ",Somewhat,"soft and colourful, or dark and chic",I see new sides of them,,somewhat important ,My friends are fans;I am in group chats or servers dedicated to K-pop;I attend events and meetups;I run a fan account/BST account (interacting often),"News Feed;Chat functions;Fancam library;Community functions, polls, fan letters;Idol interactivity","weverse is laggy, twitter is difficult to collate specific types of content and the platform is so heavily saturated",,Yes,Y,
2025/07/09 2:43:23 am GMT+11,,NewJeans,4-6 years,Every day,Every day,1-3 years,TikTok,Rarely,"YouTube view counts;Chart performances (Melon, Billboards, Music show competitions);Spotify listeners",Yes,Alert systems and notifications;Visuals and usability;Effectiveness in summarisation,,No,K-pop trading card market price tracker,Maybe,,Somewhat,"Personality -> shy, quiet, reserved, cat (nothing materialistic i.e. i don‚Äôt associate them with a clothing brand)",Their brand becomes stronger or more prominent,,Not important,I don't,News Feed,,"Clear communication and steps for attending each an event i.e. if a group is hosting an event overseas or in that country, steps that are clear to read that show how to attend (buy tickets) in multiple languages ",,N,
2025/07/09 3:09:15 am GMT+11,,"SEVENTEEN;pixy, billlie, ghost9, artms, nmixx etc",4-6 years,Every day,Every day,4-6 years,"Twitter/X;TikTok;Official notices (Weverse Notices, Email Newsletters)",Never,None,Maybe,"Alert systems and notifications;Visuals and usability;Customisation (Specific groups, specific members);Ability to search for news sources, photos and more",,Yes,"Assistive search engine for purchasing second-hand merchandise;Interactive K-pop trading card templates;Information on the norms of fan communities in relation to concert etiquette, BST terminology, etc",Maybe,,A little,,I see new sides of them,,Very important,I comment or reply on social media;My friends are fans;I am in group chats or servers dedicated to K-pop;I attend events and meetups,"News Feed;Chat functions;Community functions, polls, fan letters;Idol interactivity","unnecessary paid services, ai usage",,,Y,good luck in future research!
2025/07/09 3:18:49 am GMT+11,,BTS;BLACKPINK,7+ years,Frequently,Occasionally,Less than 1 year,TikTok;Instagram,Never,Online fan conversation buzz (Netizen conversations),Maybe,"Visuals and usability;Customisation (Specific groups, specific members);Effectiveness in summarisation",,No,"Information on the norms of fan communities in relation to concert etiquette, BST terminology, etc",Maybe,,A little,,Their brand becomes stronger or more prominent,,A little important,I don't,News Feed;Fancam library;Idol interactivity,,,Yes,Y,
2025/07/09 3:35:39 am GMT+11,,"SEVENTEEN;BTS;red velvet, le sserafim, zb1",7+ years,Frequently,Every day,4-6 years,"Twitter/X;TikTok;Instagram;Official notices (Weverse Notices, Email Newsletters)",Never,"Merchandise sale availability;Ticket sale availability;Chart performances (Melon, Billboards, Music show competitions)",Yes,"Visuals and usability;Customisation (Specific groups, specific members);Ability to search for news sources, photos and more",,Yes,K-pop trading card market price tracker;Assistive search engine for purchasing second-hand merchandise;Interactive K-pop trading card templates,Yes,"seungkwan for louboutin, suga for valentino, irene for miumiu",Somewhat,feeling proud ,I see new sides of them,,Essential,I comment or reply on social media;My friends are fans;I am in group chats or servers dedicated to K-pop,"News Feed;Fancam library;Community functions, polls, fan letters;Idol interactivity",amount of toxicity in discussions ,less negativity ,Yes,Y,thank you it was verrryy interesting cant wait to see more!!!!
2025/07/09 4:10:31 am GMT+11,,Twice,7+ years,Rarely,Rarely,Less than 1 year,TikTok;Instagram,Never,Online fan conversation buzz (Netizen conversations),No,"Visuals and usability;Ability to search for news sources, photos and more",,No,"Information on the norms of fan communities in relation to concert etiquette, BST terminology, etc",No,,Not at all,,I see new sides of them,,Not important,I don't;My friends are fans,News Feed,Translation issues,,No,N,good luck :)
2025/07/09 4:54:10 am GMT+11,,"SEVENTEEN;TXT;DAY6, PLAVE, MAMAMOO",4-6 years,Frequently,Rarely,1-3 years,"Twitter/X;Instagram;Official notices (Weverse Notices, Email Newsletters)",Rarely,"Ticket sale availability;Album sales;Chart performances (Melon, Billboards, Music show competitions)",Yes,"Real-time tracking;Customisation (Specific groups, specific members)",,No,K-pop trading card market price tracker;Interactive K-pop trading card templates,Yes,,A little,,,,Very important,My friends are fans;I am in group chats or servers dedicated to K-pop,"News Feed;Chat functions;Community functions, polls, fan letters",,,Yes,N,
2025/07/09 5:22:42 am GMT+11,,Skz,1-3 years,Occasionally,Occasionally,Less than 1 year,TikTok;Instagram,Rarely,"Online fan conversation buzz (Netizen conversations);Ticket sale availability;Chart performances (Melon, Billboards, Music show competitions)",Maybe,"Customisation (Specific groups, specific members);Effectiveness in summarisation;Ability to search for news sources, photos and more",,Yes,"Assistive search engine for purchasing second-hand merchandise;Information on the norms of fan communities in relation to concert etiquette, BST terminology, etc;Calendar tracker of future merchandise drops and predictions to help budget",Maybe,,Not at all,,Their brand doesn't change,,A little important,I don't,"Chat functions;Community functions, polls, fan letters;Idol interactivity",,,No,N,
2025/07/09 7:23:19 am GMT+11,,TXT,7+ years,Frequently,Frequently,7+ years,Twitter/X;TikTok;Instagram,Occasionally,YouTube view counts;Online fan conversation buzz (Netizen conversations),Maybe,"Real-time tracking;Visuals and usability;Customisation (Specific groups, specific members);Effectiveness in summarisation;Ability to search for news sources, photos and more",,No,Calendar tracker of future merchandise drops and predictions to help budget,No,,A little,,Their brand becomes stronger or more prominent,,A little important,My friends are fans;I run a fan account/BST account (interacting often),Chat functions;Idol interactivity,,,Yes,N,hai
2025/07/09 7:29:03 am GMT+11,,ENHYPEN,Less than 1 year,Frequently,Occasionally,,"TikTok;YouTube;Instagram;Official notices (Weverse Notices, Email Newsletters)",Rarely,"Chart performances (Melon, Billboards, Music show competitions)",Maybe,"Alert systems and notifications;Customisation (Specific groups, specific members);Effectiveness in summarisation",,I don‚Äôt buy stuff üòÜ,Interactive K-pop trading card templates,Maybe,Prada üòè,Somewhat,,Their brand becomes stronger or more prominent,,Very important,I comment or reply on social media,Chat functions;Idol interactivity,,,No,N,Good luck!!ü§û Tehe sounds fun but I‚Äôm not thatttt into kpop I just like the vibes of their songs and personalities ü§©ü§©I don‚Äôt buy merch either but I would like to one day buy their lightstick 
2025/07/09 8:12:45 am GMT+11,,SEVENTEEN;ENHYPEN;BTS,4-6 years,Frequently,Occasionally,1-3 years,"Instagram;Official notices (Weverse Notices, Email Newsletters)",Never,Merchandise sale availability;Ticket sale availability,Maybe,"Alert systems and notifications;Real-time tracking;Visuals and usability;Customisation (Specific groups, specific members);Effectiveness in summarisation;Ability to search for news sources, photos and more",,No,"K-pop trading card market price tracker;Assistive search engine for purchasing second-hand merchandise;Interactive K-pop trading card templates;Information on the norms of fan communities in relation to concert etiquette, BST terminology, etc;Calendar tracker of future merchandise drops and predictions to help budget;Income split, assistive saving tracker",Yes,Anything food related,A little,"Wholesome, funny, talented ",Their brand becomes stronger or more prominent,,Very important,I am in group chats or servers dedicated to K-pop;I attend events and meetups,"News Feed;Chat functions;Fancam library;Community functions, polls, fan letters;Idol interactivity",,,Yes,N,
2025/07/09 8:26:50 am GMT+11,,SEVENTEEN,7+ years,Frequently,Occasionally,4-6 years,Twitter/X;TikTok,Occasionally,"YouTube view counts;Chart performances (Melon, Billboards, Music show competitions)",Maybe,"Customisation (Specific groups, specific members)",,No,"Information on the norms of fan communities in relation to concert etiquette, BST terminology, etc;Calendar tracker of future merchandise drops and predictions to help budget",Maybe,"estee lauder, loccitane",Somewhat,nothing much,Their brand becomes stronger or more prominent,,Very important,I don't;My friends are fans,"Community functions, polls, fan letters;Idol interactivity",the navigation to find good accounts,,,N,
2025/07/09 8:27:38 am GMT+11,,TXT,7+ years,Rarely,Rarely,4-6 years,TikTok;Instagram;friends,Never,"YouTube view counts;Album sales;Chart performances (Melon, Billboards, Music show competitions)",Maybe,Visuals and usability;Effectiveness in summarisation,,not rly cause i don‚Äôt spend much on kpop,K-pop trading card market price tracker;Interactive K-pop trading card templates;Calendar tracker of future merchandise drops and predictions to help budget,Maybe,,Not at all,,Their brand becomes stronger or more prominent,,Not important,I don't;My friends are fans,"News Feed;Chat functions;Fancam library;Community functions, polls, fan letters",,,No,Y,
2025/07/09 8:58:18 am GMT+11,,not men ,4-6 years,Rarely,Rarely,Less than 1 year,TikTok,Never,YouTube view counts,No,Visuals and usability,,No,"Income split, assistive saving tracker",No,no,Not at all,no ,Their brand doesn't change,,Not important,I don't,News Feed,,,Yes,N,
2025/07/09 9:18:28 am GMT+11,,SEVENTEEN,4-6 years,Occasionally,Occasionally,Less than 1 year,Twitter/X;TikTok;Instagram,Rarely,"Online fan conversation buzz (Netizen conversations);Chart performances (Melon, Billboards, Music show competitions)",Yes,"Customisation (Specific groups, specific members);Effectiveness in summarisation;Ability to search for news sources, photos and more",,No,"Assistive search engine for purchasing second-hand merchandise;Information on the norms of fan communities in relation to concert etiquette, BST terminology, etc",Yes,,Somewhat,,Their brand becomes stronger or more prominent,,A little important,My friends are fans,News Feed;Idol interactivity,,,No,N,
2025/07/09 10:22:08 am GMT+11,,BTS;ateez and the boyz,7+ years,Frequently,Occasionally,4-6 years,Twitter/X;Instagram,Never,Online fan conversation buzz (Netizen conversations);Ticket sale availability,Maybe,"Visuals and usability;Customisation (Specific groups, specific members);Effectiveness in summarisation",,No,"K-pop trading card market price tracker;Assistive search engine for purchasing second-hand merchandise;Information on the norms of fan communities in relation to concert etiquette, BST terminology, etc;Calendar tracker of future merchandise drops and predictions to help budget",Maybe,,A little,,I see new sides of them,,A little important,My friends are fans;I run a fan account/BST account (interacting often),"Chat functions;Community functions, polls, fan letters",,,Yes,N,
2025/07/09 10:36:49 am GMT+11,,SEVENTEEN;ENHYPEN,7+ years,Every day,Every day,7+ years,"Twitter/X;Instagram;Official notices (Weverse Notices, Email Newsletters)",Frequently,"YouTube view counts;Online fan conversation buzz (Netizen conversations);Merchandise sale availability;Ticket sale availability;Album sales;Chart performances (Melon, Billboards, Music show competitions)",Yes,"Real-time tracking;Visuals and usability;Customisation (Specific groups, specific members);Effectiveness in summarisation",,Yes,"K-pop trading card market price tracker;Interactive K-pop trading card templates;Calendar tracker of future merchandise drops and predictions to help budget;Income split, assistive saving tracker",Yes,,A lot,,I see new sides of them,,Essential,I am in group chats or servers dedicated to K-pop;I attend events and meetups;I run a fan account/BST account (interacting often),"News Feed;Chat functions;Ranking dashboards;Community functions, polls, fan letters",,,,N,
2025/07/09 11:18:37 am GMT+11,,BTS;girl groups eg twice idle newjeans,7+ years,Occasionally,Rarely,4-6 years,Twitter/X;TikTok,Never,"YouTube view counts;Online fan conversation buzz (Netizen conversations);Chart performances (Melon, Billboards, Music show competitions)",Yes,"Alert systems and notifications;Customisation (Specific groups, specific members);Ability to search for news sources, photos and more",,No,Assistive search engine for purchasing second-hand merchandise;Interactive K-pop trading card templates;Calendar tracker of future merchandise drops and predictions to help budget,Maybe,,Somewhat,,I see new sides of them,,Essential,I comment or reply on social media;My friends are fans,"Chat functions;Community functions, polls, fan letters",,,No,N,i am a very casual kpop fan in case that sways any of the results :>
2025/07/09 12:53:33 pm GMT+11,,SEVENTEEN;BTS,7+ years,Every day,Frequently,4-6 years,Twitter/X;YouTube;Instagram;Discord,Rarely,"YouTube view counts;Ticket sale availability;Chart performances (Melon, Billboards, Music show competitions)",Maybe,"Alert systems and notifications;Real-time tracking;Visuals and usability;Customisation (Specific groups, specific members);Effectiveness in summarisation;Ability to search for news sources, photos and more",,Yes,"Assistive search engine for purchasing second-hand merchandise;Information on the norms of fan communities in relation to concert etiquette, BST terminology, etc;Calendar tracker of future merchandise drops and predictions to help budget;Income split, assistive saving tracker",Yes,,A little,,Their brand doesn't change,,Very important,My friends are fans;I attend events and meetups,News Feed;Ranking dashboards;Fancam library;Idol interactivity,,Special chats for people attending a particular concert (to share videos/photos/info/freebies),Yes,Y,
2025/07/09 1:14:41 pm GMT+11,,SEVENTEEN;BTS,7+ years,Every day,Every day,7+ years,Twitter/X;Instagram,Occasionally,"Online fan conversation buzz (Netizen conversations);Album sales;Chart performances (Melon, Billboards, Music show competitions)",Yes,"Real-time tracking;Customisation (Specific groups, specific members);Effectiveness in summarisation",,Yes,K-pop trading card market price tracker;Assistive search engine for purchasing second-hand merchandise;Calendar tracker of future merchandise drops and predictions to help budget,Maybe,,A lot,,Their brand becomes stronger or more prominent,,Essential,My friends are fans;I run a fan account/BST account (interacting often),"Chat functions;Fancam library;Community functions, polls, fan letters;Idol interactivity","Each app has different vibes and technicalities, the apps tend to be very unorganised.",,Yes,N,
2025/07/09 1:21:01 pm GMT+11,,SEVENTEEN;BTS,4-6 years,Every day,Occasionally,4-6 years,Twitter/X,Rarely,"Online fan conversation buzz (Netizen conversations);Ticket sale availability;Chart performances (Melon, Billboards, Music show competitions)",Maybe,"Visuals and usability;Customisation (Specific groups, specific members);Ability to search for news sources, photos and more",,Yes,K-pop trading card market price tracker;Assistive search engine for purchasing second-hand merchandise;Calendar tracker of future merchandise drops and predictions to help budget,Yes,jjonga kimchi,Somewhat,tiger. very hardworking and great at dancing,Their brand becomes stronger or more prominent,,A little important,I comment or reply on social media;My friends are fans;I attend events and meetups,"Chat functions;Community functions, polls, fan letters","twitter doesn‚Äôt have circles anymore, can‚Äôt create a secluded community space like that (close friends story on insta basically)",,,N,
2025/07/09 2:34:55 pm GMT+11,,SEVENTEEN;ENHYPEN;BTS,4-6 years,Occasionally,Occasionally,Less than 1 year,YouTube;Instagram,Occasionally,"YouTube view counts;Ticket sale availability;Chart performances (Melon, Billboards, Music show competitions)",Yes,Visuals and usability;Effectiveness in summarisation,Love insane -jay comming out on July 18,No,Interactive K-pop trading card templates,No,Hmmmmmm Versace?????,Somewhat,handsome sharp the bf material ,I see new sides of them,Jay is bf material ,A little important,I don't,Idol interactivity,The beauty standard all some being freaking delulu to the head,Eliminate the delulu kids like squid game AGAGAGAFA,No,N,Jay is the best
2025/07/09 3:46:33 pm GMT+11,,SEVENTEEN,1-3 years,Every day,Frequently,1-3 years,"Twitter/X;YouTube;Instagram;Official notices (Weverse Notices, Email Newsletters)",Occasionally,"Online fan conversation buzz (Netizen conversations);Merchandise sale availability;Ticket sale availability;Album sales;Chart performances (Melon, Billboards, Music show competitions)",Yes,"Alert systems and notifications;Real-time tracking;Visuals and usability;Customisation (Specific groups, specific members);Effectiveness in summarisation;Ability to search for news sources, photos and more",,Yes,"K-pop trading card market price tracker;Assistive search engine for purchasing second-hand merchandise;Interactive K-pop trading card templates;Information on the norms of fan communities in relation to concert etiquette, BST terminology, etc;Calendar tracker of future merchandise drops and predictions to help budget",Yes,polo ralph lauren,Somewhat,fashionable,I see new sides of them,,Very important,I comment or reply on social media;My friends are fans;I am in group chats or servers dedicated to K-pop;I attend events and meetups;I run a fan account/BST account (interacting often),News Feed;Chat functions;Fancam library;Idol interactivity,,,Yes,Y,
2025/07/09 7:48:00 pm GMT+11,,skz + nct,7+ years,Every day,Frequently,7+ years,Twitter/X,Rarely,erm none personally ,Yes,"Customisation (Specific groups, specific members);Effectiveness in summarisation;Ability to search for news sources, photos and more",,No,"K-pop trading card market price tracker;Assistive search engine for purchasing second-hand merchandise;Interactive K-pop trading card templates;Information on the norms of fan communities in relation to concert etiquette, BST terminology, etc;Income split, assistive saving tracker",Yes,,A lot,,Their brand becomes stronger or more prominent,,Essential,I comment or reply on social media;My friends are fans;I am in group chats or servers dedicated to K-pop;I attend events and meetups;I run a fan account/BST account (interacting often),"News Feed;Chat functions;Fancam library;Community functions, polls, fan letters;Idol interactivity",mostly just people fighting :(,,Yes,N,
2025/07/09 10:02:14 pm GMT+11,,SEVENTEEN,1-3 years,Every day,Frequently,1-3 years,Twitter/X;TikTok;Instagram,Rarely,,Maybe,"Alert systems and notifications;Visuals and usability;Ability to search for news sources, photos and more",,"Sometimes, I try not to spend too much outside my budget but it‚Äôs difficult when there‚Äôs always new merch or albums dropping. ",Assistive search engine for purchasing second-hand merchandise;Interactive K-pop trading card templates,Yes,Mingyu - Dior Jeonghan - andhoney,A little,"Cheeky, cute , respectful, overall good vibes ",I see new sides of them,,Very important,I attend events and meetups;I run a fan account/BST account (interacting often),Idol interactivity,"The recent issue I find frustrating with Weverse is the lives. When I first joined, there wasn‚Äôt an option for instant translation during live streams, and we had to wait hours or even days for a translation. Recently, Weverse added an auto-translate feature but it comes at a price.  It feels like the focus isn‚Äôt really on connecting idols with fans anymore, but rather on finding ways to make money from fans everywhere.
",Just kindness the community can bit hard between fandoms I wish people would just have mutual respect towards each other and idols. ,Yes,N,
2025/07/10 1:54:42 am GMT+11,,SEVENTEEN;TXT,1-3 years,Occasionally,Occasionally,1-3 years,"YouTube;Instagram;Discord;Official notices (Weverse Notices, Email Newsletters)",Occasionally,"YouTube view counts;Chart performances (Melon, Billboards, Music show competitions)",Yes,"Alert systems and notifications;Real-time tracking;Visuals and usability;Customisation (Specific groups, specific members)",,No,"K-pop trading card market price tracker;Calendar tracker of future merchandise drops and predictions to help budget;Income split, assistive saving tracker",Yes,,Somewhat,Cheerful,Their brand becomes stronger or more prominent,,A little important,My friends are fans,News Feed;Ranking dashboards,Hard to find interesting stuff about people you care about ,,Yes,Y,
2025/07/10 3:17:02 am GMT+11,,TXT,7+ years,Occasionally,Occasionally,1-3 years,TikTok;YouTube;Instagram,Never,Online fan conversation buzz (Netizen conversations),Yes,"Visuals and usability;Customisation (Specific groups, specific members);Effectiveness in summarisation;Ability to search for news sources, photos and more",,Yes,K-pop trading card market price tracker;Interactive K-pop trading card templates;Calendar tracker of future merchandise drops and predictions to help budget,Yes,,Somewhat,,I see new sides of them,,Very important,My friends are fans,"News Feed;Fancam library;Community functions, polls, fan letters",,,,N,
2025/07/10 3:32:07 pm GMT+11,,SEVENTEEN;BTS;Zerobaseone ,4-6 years,Every day,Every day,1-3 years,Twitter/X;Instagram,Occasionally,Merchandise sale availability;Ticket sale availability,Yes,"Alert systems and notifications;Customisation (Specific groups, specific members);",,Yes,K-pop trading card market price tracker;Interactive K-pop trading card templates,Yes,Ck celine cartier door ,A lot,Quality of product ,,,Very important,I run a fan account/BST account (interacting often),News Feed;Chat functions;Fancam library;Idol interactivity,Lack of translation ,,Yes,N,
2025/07/10 3:40:28 pm GMT+11,,SEVENTEEN;TXT;BTS,4-6 years,Every day,Frequently,4-6 years,Twitter/X;TikTok;Instagram,Rarely,"YouTube view counts;Merchandise sale availability;Ticket sale availability;Album sales;Chart performances (Melon, Billboards, Music show competitions)",Maybe,"Visuals and usability;Customisation (Specific groups, specific members);Effectiveness in summarisation;Ability to search for news sources, photos and more",,No,"K-pop trading card market price tracker;Assistive search engine for purchasing second-hand merchandise;Interactive K-pop trading card templates;Information on the norms of fan communities in relation to concert etiquette, BST terminology, etc;Calendar tracker of future merchandise drops and predictions to help budget",Maybe,,Somewhat,"Soft, youthful ",Their brand becomes stronger or more prominent,,Very important,I comment or reply on social media;My friends are fans;I am in group chats or servers dedicated to K-pop;I attend events and meetups;I run a fan account/BST account (interacting often),"News Feed;Chat functions;Fancam library;Community functions, polls, fan letters;Idol interactivity",,,Yes,Y,
2025/07/10 3:47:24 pm GMT+11,,SEVENTEEN,4-6 years,Frequently,Frequently,1-3 years,"Twitter/X;YouTube;Official notices (Weverse Notices, Email Newsletters)",Rarely,Merchandise sale availability;Ticket sale availability,Maybe,Alert systems and notifications,,No,"Information on the norms of fan communities in relation to concert etiquette, BST terminology, etc",Maybe,Not sure ,A little,Not sure,Their brand becomes stronger or more prominent,,Very important,I attend events and meetups,Fancam library,"On Weverse we need a membership to access stuff. Videos, ticketing, etx","more freedom for idols like dating, clubbing ",No,N,
2025/07/10 3:48:06 pm GMT+11,,Zb1 boynextdoor,1-3 years,Frequently,Occasionally,1-3 years,TikTok,Rarely,Merchandise sale availability;Album sales,No,"Visuals and usability;Customisation (Specific groups, specific members)",,Yes,K-pop trading card market price tracker;Interactive K-pop trading card templates;Calendar tracker of future merchandise drops and predictions to help budget,Maybe,FIFA zhanghao sponsorship ,Somewhat,Not sure :(,Their brand becomes stronger or more prominent,,A little important,I run a fan account/BST account (interacting often),"Chat functions;Community functions, polls, fan letters;Idol interactivity",,,No,N,Not atm thank u!!
2025/07/10 3:49:42 pm GMT+11,,"SEVENTEEN;ZB1, Twice, STAYC",4-6 years,Every day,Every day,1-3 years,"Twitter/X;Instagram;Official notices (Weverse Notices, Email Newsletters)",Never,Online fan conversation buzz (Netizen conversations);Merchandise sale availability,Yes,"Alert systems and notifications;Visuals and usability;Customisation (Specific groups, specific members);Ability to search for news sources, photos and more",,"I‚Äôve been concerned at some points, but as I know I have savings put aside, I wouldn‚Äôt say I‚Äôve worried about my finances, more about lessening my spending habit.","K-pop trading card market price tracker;Interactive K-pop trading card templates;Information on the norms of fan communities in relation to concert etiquette, BST terminology, etc;Calendar tracker of future merchandise drops and predictions to help budget",Yes,"Skincare, food",A lot,"Funny, enjoys eating",I see new sides of them,,A little important,My friends are fans;I run a fan account/BST account (interacting often),News Feed;Fancam library,"I don‚Äôt like the ads on Twitter. For Weverse, sometimes I find that I can‚Äôt scroll far back in the Artist posts/it‚Äôs hard to search for older posts",,Yes,Y,Looking forward to what comes out of this project! :)
2025/07/10 3:59:29 pm GMT+11,,SEVENTEEN,Less than 1 year,Every day,Occasionally,Less than 1 year,TikTok,Occasionally,"Chart performances (Melon, Billboards, Music show competitions)",Maybe,"Real-time tracking;Visuals and usability;Customisation (Specific groups, specific members)",,No,K-pop trading card market price tracker;Interactive K-pop trading card templates,Yes,I‚Äôm not sure ,Somewhat,Funny and cute,Their brand becomes stronger or more prominent,,Essential,My friends are fans;I am in group chats or servers dedicated to K-pop;I attend events and meetups,News Feed;Chat functions;Idol interactivity,I don‚Äôt really have any frustrations,I‚Äôm too new to have a good answer ,Yes,Y,
2025/07/10 4:03:46 pm GMT+11,,SEVENTEEN,1-3 years,Frequently,Occasionally,1-3 years,Instagram,Never,"Ticket sale availability;Chart performances (Melon, Billboards, Music show competitions)",Maybe,Real-time tracking;Visuals and usability,,No,K-pop trading card market price tracker;Interactive K-pop trading card templates,No,,A little,,I see new sides of them,,Very important,I comment or reply on social media;I attend events and meetups,"News Feed;Chat functions;Community functions, polls, fan letters",Difficulty in finding pcs for sale or trade ,,No,N,
2025/07/10 4:07:56 pm GMT+11,,SEVENTEEN,7+ years,Every day,Occasionally,7+ years,"Twitter/X;YouTube;Instagram;Official notices (Weverse Notices, Email Newsletters)",Occasionally,,Maybe,"Alert systems and notifications;Ability to search for news sources, photos and more",,No,"K-pop trading card market price tracker;Assistive search engine for purchasing second-hand merchandise;Calendar tracker of future merchandise drops and predictions to help budget;Income split, assistive saving tracker",Yes,,Somewhat,Tiger,I see new sides of them,,A little important,My friends are fans;I am in group chats or servers dedicated to K-pop;I run a fan account/BST account (interacting often),Fancam library,,,Yes,Y,
2025/07/10 4:20:31 pm GMT+11,,SEVENTEEN,7+ years,Frequently,Rarely,Less than 1 year,Twitter/X;TikTok;Friends updating me ,Never,YouTube view counts;Ticket sale availability,Maybe,"Real-time tracking;Customisation (Specific groups, specific members);Effectiveness in summarisation;Ability to search for news sources, photos and more",Would be good if its's something you could easily check for just a few minutes a day for busy peoople,No,"K-pop trading card market price tracker;Assistive search engine for purchasing second-hand merchandise;Interactive K-pop trading card templates;Information on the norms of fan communities in relation to concert etiquette, BST terminology, etc;Calendar tracker of future merchandise drops and predictions to help budget;Income split, assistive saving tracker",Yes,Designer brands,Somewhat,Hard working and kind,I see new sides of them,I'd only buy an endorsement if it's a cheap item like skincare not designer brands,Very important,My friends are fans;I attend events and meetups;I run a fan account/BST account (interacting often),News Feed;Fancam library,Not much I can think of,A pc marketplace solely dedicated for trading/selling. It's own platform. ,Yes,Y,
2025/07/10 4:43:51 pm GMT+11,,SEVENTEEN,7+ years,Frequently,Occasionally,1-3 years,Twitter/X;TikTok;Facebook,Frequently,"Merchandise sale availability;Album sales;Chart performances (Melon, Billboards, Music show competitions)",Yes,"Real-time tracking;Visuals and usability;Customisation (Specific groups, specific members);Effectiveness in summarisation;Ability to search for news sources, photos and more",It needs to be non bias and comment free if it is a site for multiple groups (to avoid conflict),Yes,"K-pop trading card market price tracker;Assistive search engine for purchasing second-hand merchandise;Information on the norms of fan communities in relation to concert etiquette, BST terminology, etc;Calendar tracker of future merchandise drops and predictions to help budget;Income split, assistive saving tracker",Yes,Romantic Crown,A lot,"Clean, fresh, nice material, expensive ",Their brand becomes stronger or more prominent,,Essential,My friends are fans;I am in group chats or servers dedicated to K-pop,News Feed;Idol interactivity,"No filter, mixed fandoms and easy cyber bullying",Respect for one another ,Yes,Y,
2025/07/10 4:45:09 pm GMT+11,,SEVENTEEN;ENHYPEN,1-3 years,Frequently,Occasionally,1-3 years,"Instagram;Official notices (Weverse Notices, Email Newsletters);Little Red Book/xiaohongshu/Â∞èÁ∫¢‰π¶",Rarely,Online fan conversation buzz (Netizen conversations);Merchandise sale availability;Ticket sale availability,Yes,"Alert systems and notifications;Real-time tracking;Visuals and usability;Customisation (Specific groups, specific members);Effectiveness in summarisation;Ability to search for news sources, photos and more",,I can afford but could probably make wiser decisions,"K-pop trading card market price tracker;Assistive search engine for purchasing second-hand merchandise;Interactive K-pop trading card templates;Information on the norms of fan communities in relation to concert etiquette, BST terminology, etc;Calendar tracker of future merchandise drops and predictions to help budget;Income split, assistive saving tracker",Maybe,,Somewhat,,I see new sides of them,,I would love to connect but also at the same time am wary that fan community can get very toxic‚Ä¶,I comment or reply on social media;My friends are fans;I am in group chats or servers dedicated to K-pop;I attend events and meetups;I run a fan account/BST account (interacting often),News Feed;Chat functions;Idol interactivity,,,Yes,Y,
2025/07/10 4:47:20 pm GMT+11,,SEVENTEEN;ENHYPEN;NCT,4-6 years,Every day,Frequently,4-6 years,Twitter/X;TikTok,Rarely,Online fan conversation buzz (Netizen conversations),Maybe,"Customisation (Specific groups, specific members);Effectiveness in summarisation",,No,"K-pop trading card market price tracker;Assistive search engine for purchasing second-hand merchandise;Interactive K-pop trading card templates;Calendar tracker of future merchandise drops and predictions to help budget;Income split, assistive saving tracker",Yes,,A little,Likeable ,Their brand becomes stronger or more prominent,,Very important,I run a fan account/BST account (interacting often),"Community functions, polls, fan letters;Idol interactivity",Fanwars,,Yes,Y,
2025/07/10 4:51:58 pm GMT+11,,SEVENTEEN;TXT;ENHYPEN;BTS;,7+ years,Frequently,Occasionally,7+ years,TikTok;Instagram,Rarely,YouTube view counts;Merchandise sale availability;Ticket sale availability,Yes,"Alert systems and notifications;Real-time tracking;Visuals and usability;Customisation (Specific groups, specific members);Effectiveness in summarisation;Ability to search for news sources, photos and more",N/A,Yes,"K-pop trading card market price tracker;Assistive search engine for purchasing second-hand merchandise;Interactive K-pop trading card templates;Information on the norms of fan communities in relation to concert etiquette, BST terminology, etc;Calendar tracker of future merchandise drops and predictions to help budget;Income split, assistive saving tracker",Yes,"Unove, Bulgari, L‚ÄôOccitane",A little,"(Bias is Mingyu) brands that embrace his natural skin colour in photoshoots, classy yet casual sometimes, either makes him look cute and fluffy or hot üî• ",I see new sides of them,N/A,A little important,I comment or reply on social media;My friends are fans;I am in group chats or servers dedicated to K-pop;I attend events and meetups;I run a fan account/BST account (interacting often),Chat functions;Idol interactivity,"Twitter I deleted in 2017? There‚Äôs just too much toxic fan culture on there. And we are now starting to see that on TikTok with certain fanbases saying stupid comments like ‚ÄúSoobin next like Moonbin‚Äù or ‚ÄúENHYPEN is better, Sunoo next like Sulli‚Äù. Toxic fan behaviour really annoys me.","More opportunities to meet artists and the price of everything goes lower + no more cultural appropriation, racism, homophobia, sexism, transphobia, Islamophobia, etc. I wish everyone could just accept, love and support each other. Even with idols (yes I‚Äôm talking about Knetz being too conservative).",Yes,Y,No :)
2025/07/10 4:55:59 pm GMT+11,,"SEVENTEEN;BTS;skz, twice, tripleS, fromis_9, loona",4-6 years,Occasionally,Occasionally,1-3 years,Twitter/X;TikTok;Instagram,Never,Album sales,Yes,"Customisation (Specific groups, specific members);Effectiveness in summarisation;Ability to search for news sources, photos and more",,No,"Assistive search engine for purchasing second-hand merchandise;Information on the norms of fan communities in relation to concert etiquette, BST terminology, etc;Calendar tracker of future merchandise drops and predictions to help budget;Income split, assistive saving tracker",Yes,,Not at all,,I see new sides of them,,Very important,I run a fan account/BST account (interacting often),"News Feed;Chat functions;Community functions, polls, fan letters",paid subscriptions ,more pricing guides for photocards especially for pobs ,Yes,Y,
2025/07/10 5:01:03 pm GMT+11,,TXT;BTS,7+ years,Every day,Occasionally,4-6 years,"Twitter/X;Instagram;Official notices (Weverse Notices, Email Newsletters)",Rarely,"YouTube view counts;Ticket sale availability;Album sales;Chart performances (Melon, Billboards, Music show competitions)",Maybe,"Real-time tracking;Visuals and usability;Customisation (Specific groups, specific members)",,Yes,K-pop trading card market price tracker;Interactive K-pop trading card templates;Calendar tracker of future merchandise drops and predictions to help budget,Maybe,clothing and makeup ,A little,not too sure sorry üò≠,I see new sides of them,,A little important,My friends are fans;I attend events and meetups;I run a fan account/BST account (interacting often),"News Feed;Ranking dashboards;Community functions, polls, fan letters;Idol interactivity","twitter - too many fan wars and bot comments
weverse - super slow and takes forever to load 
",,No,N,i hope all your research goes well !!! üíûüíû
2025/07/10 5:22:37 pm GMT+11,,SEVENTEEN;BTS;TWICE,7+ years,Frequently,Rarely,7+ years,"Twitter/X;Official notices (Weverse Notices, Email Newsletters)",Rarely,Ticket sale availability;Album sales,Maybe,"Customisation (Specific groups, specific members);Effectiveness in summarisation","It would be interesting to know what metrics you'd use to calculate buzz, e.g., everyone seems obsessed with EMV but what does that actually mean to people who work in the field where it matters? Most fans can't confidently qualify what certain metrics and value they actually mean beyond it being a high number.",Yes,Calendar tracker of future merchandise drops and predictions to help budget,No,All of them if you're Kim Mingyu hahah,Not at all,It shows the different sides to them to different types of fans.,I see new sides of them,"I think the idol themselves are a brand and product, as much as they are also simply a human being. They're doing a job and they're good at it, so a lot of the perception and brand influence of them being a brand ambassador doesn't really work on me at a personal level. I'm more reliant on peer reviews and brand reviews on shopping and employee sites than the actual fans of the idols themselves. E.g., even though I'm a big fan of Mingyu from SVT ‚Äì I don't purchase what he endorses, because I know the products he's pushing aren't going to work for me. I also refuse to purchase all HYBE merch, because I know there's a marketing reason behind it.",Not important,My friends are fans;I run a fan account/BST account (interacting often),News Feed;Fancam library,The algorithms for the main social media platforms and being pushed content I'm not interested in. I don't WeVerse because it is simply not user-friendly.,"Fact checker, lol.",Yes,Y,Hope your research goes well!!!! üñ§üñ§üñ§
2025/07/10 5:32:49 pm GMT+11,,SEVENTEEN,7+ years,Frequently,Frequently,1-3 years,"Twitter/X;Instagram;Official notices (Weverse Notices, Email Newsletters)",Never,Merchandise sale availability;Ticket sale availability,Yes,"Alert systems and notifications;Customisation (Specific groups, specific members);Effectiveness in summarisation;Ability to search for news sources, photos and more",,Yes,"K-pop trading card market price tracker;Assistive search engine for purchasing second-hand merchandise;Interactive K-pop trading card templates;Information on the norms of fan communities in relation to concert etiquette, BST terminology, etc;Calendar tracker of future merchandise drops and predictions to help budget;Income split, assistive saving tracker",Yes,Everyday use products,A little,"Natural, down to earth",I see new sides of them,,Very important,I comment or reply on social media;I run a fan account/BST account (interacting often),"News Feed;Chat functions;Ranking dashboards;Fancam library;Community functions, polls, fan letters;Idol interactivity","Like any typical social media platform, not enough interaction functions with the idol themselves.",More accessible fan projects,No,N,
2025/07/10 5:33:38 pm GMT+11,,SEVENTEEN;BLACKPINK,7+ years,Frequently,Frequently,1-3 years,TikTok;YouTube;Instagram,Occasionally,"Merchandise sale availability;Ticket sale availability;Album sales;Chart performances (Melon, Billboards, Music show competitions)",Maybe,"Customisation (Specific groups, specific members);Effectiveness in summarisation",,Yes,K-pop trading card market price tracker;Assistive search engine for purchasing second-hand merchandise;Interactive K-pop trading card templates;Calendar tracker of future merchandise drops and predictions to help budget,Yes,,Somewhat,,Their brand becomes stronger or more prominent,,Essential,My friends are fans;I am in group chats or servers dedicated to K-pop;I attend events and meetups;I run a fan account/BST account (interacting often),News Feed;Chat functions;Idol interactivity,,,Yes,N,
2025/07/10 5:43:27 pm GMT+11,,"SEVENTEEN;TXT;Ateez, Xikers!",7+ years,Frequently,Occasionally,1-3 years,Twitter/X;Instagram,Never,"Album sales;Chart performances (Melon, Billboards, Music show competitions)",Yes,"Visuals and usability;Customisation (Specific groups, specific members);Effectiveness in summarisation",,No,"K-pop trading card market price tracker;Interactive K-pop trading card templates;Information on the norms of fan communities in relation to concert etiquette, BST terminology, etc",Yes,,Somewhat,,Their brand becomes stronger or more prominent,,I enjoy making friends and connections online and have made lots of life long friends through our common interests :),My friends are fans;I am in group chats or servers dedicated to K-pop,"News Feed;Fancam library;Community functions, polls, fan letters",Twitter is a toxic environment alot of the time - the others I enjoy being on though. ,,Yes,Y,
2025/07/10 5:55:33 pm GMT+11,,SEVENTEEN,7+ years,Frequently,Occasionally,1-3 years,Twitter/X;TikTok;Instagram,Never,Online fan conversation buzz (Netizen conversations),No,"Visuals and usability;Customisation (Specific groups, specific members)",,No,"K-pop trading card market price tracker;Assistive search engine for purchasing second-hand merchandise;Interactive K-pop trading card templates;Information on the norms of fan communities in relation to concert etiquette, BST terminology, etc;Calendar tracker of future merchandise drops and predictions to help budget",No,,Not at all,,I see new sides of them,,Essential,My friends are fans;I run a fan account/BST account (interacting often),News Feed;Chat functions;Idol interactivity,"Twt- Hide/block certain keywords, negativity and etc
Weverse- vibes? feel like everyone on there is just trying to get a response from the idol",,No,N,
2025/07/10 6:14:05 pm GMT+11,,"SEVENTEEN;BTS;Exo, Shinee, XG, BP, Big Bang, etc",7+ years,Frequently,Frequently,1-3 years,Twitter/X;TikTok,Rarely,"Ticket sale availability;Album sales;Chart performances (Melon, Billboards, Music show competitions)",Yes,"Real-time tracking;Visuals and usability;Customisation (Specific groups, specific members);Ability to search for news sources, photos and more",,No,Assistive search engine for purchasing second-hand merchandise;Interactive K-pop trading card templates;Calendar tracker of future merchandise drops and predictions to help budget,Yes,"LV, CK, YSL, Burberry, Chanel ",A little,How well they suit the brand(?),I see new sides of them,"Seeing them perform is able to show me their talent but watching other contents makes them feel more humane, if that makes any sense ",Very important,My friends are fans;I am in group chats or servers dedicated to K-pop;I run a fan account/BST account (interacting often),"Chat functions;Fancam library;Community functions, polls, fan letters;Idol interactivity",The need to add extra fees for simple features like a translator ,For fans to be more kind to other idols and fans (that they don't stan). I see too many unnecessary hatred and negativity. We are all human at the end of the day and we are all just doing what we love but no need to be mean just bc we do not love/like the same group ,Yes,Y,
2025/07/10 6:22:19 pm GMT+11,,SEVENTEEN,7+ years,Every day,Occasionally,Less than 1 year,"Twitter/X;TikTok;Instagram;Official notices (Weverse Notices, Email Newsletters)",Occasionally,"YouTube view counts;Online fan conversation buzz (Netizen conversations);Merchandise sale availability;Ticket sale availability;Album sales;Chart performances (Melon, Billboards, Music show competitions)",Yes,"Alert systems and notifications;Real-time tracking;Visuals and usability;Customisation (Specific groups, specific members);Effectiveness in summarisation;Ability to search for news sources, photos and more",,Yes,"K-pop trading card market price tracker;Assistive search engine for purchasing second-hand merchandise;Interactive K-pop trading card templates;Information on the norms of fan communities in relation to concert etiquette, BST terminology, etc;Calendar tracker of future merchandise drops and predictions to help budget;Income split, assistive saving tracker",Yes,,Somewhat,,I see new sides of them,,Essential,I comment or reply on social media;My friends are fans;I am in group chats or servers dedicated to K-pop;I run a fan account/BST account (interacting often),"News Feed;Chat functions;Ranking dashboards;Fancam library;Community functions, polls, fan letters;Idol interactivity",it‚Äôs quite hard to connect w ppl,,Yes,N,
2025/07/10 7:22:58 pm GMT+11,,SEVENTEEN;ENHYPEN,4-6 years,Frequently,Frequently,1-3 years,"Twitter/X;TikTok;YouTube;Instagram;Official notices (Weverse Notices, Email Newsletters)",Occasionally,"Merchandise sale availability;Album sales;Chart performances (Melon, Billboards, Music show competitions)",Maybe,"Customisation (Specific groups, specific members);Ability to search for news sources, photos and more",,Yes,"K-pop trading card market price tracker;Information on the norms of fan communities in relation to concert etiquette, BST terminology, etc",Yes,Burberry ,Somewhat,,Their brand becomes stronger or more prominent,,A little important,My friends are fans;I run a fan account/BST account (interacting often),Idol interactivity,Twitter- can get a little negative ,Concerts in Australia ,Yes,N,
2025/07/10 7:47:19 pm GMT+11,,SEVENTEEN;BTS;&TEAM,4-6 years,Frequently,Rarely,4-6 years,"Twitter/X;Instagram;Official notices (Weverse Notices, Email Newsletters)",Rarely,"Ticket sale availability;Album sales;Chart performances (Melon, Billboards, Music show competitions)",Yes,"Customisation (Specific groups, specific members);Ability to search for news sources, photos and more",,No,K-pop trading card market price tracker;Assistive search engine for purchasing second-hand merchandise;Interactive K-pop trading card templates,Maybe,Clothes? Makeup ,Somewhat,Comfy,I see new sides of them,,Essential,My friends are fans;I run a fan account/BST account (interacting often),"News Feed;Chat functions;Fancam library;Community functions, polls, fan letters;Idol interactivity",Negativity and fanwars,Peace haha,Yes,Y,
2025/07/10 8:16:12 pm GMT+11,,BAE173 ,7+ years,Every day,Frequently,4-6 years,"Twitter/X;TikTok;Official notices (Weverse Notices, Email Newsletters)",Rarely,Online fan conversation buzz (Netizen conversations),Maybe,"Real-time tracking;Customisation (Specific groups, specific members);Effectiveness in summarisation;Ability to search for news sources, photos and more",,No,Assistive search engine for purchasing second-hand merchandise;Interactive K-pop trading card templates,Yes,,A little,,Their brand becomes stronger or more prominent,,Very important,I comment or reply on social media;My friends are fans;I attend events and meetups,"News Feed;Chat functions;Ranking dashboards;Community functions, polls, fan letters;Idol interactivity",,,Yes,Y,
2025/07/10 8:43:21 pm GMT+11,,SEVENTEEN,4-6 years,Frequently,Occasionally,1-3 years,"Twitter/X;Instagram;Official notices (Weverse Notices, Email Newsletters)",Occasionally,"Online fan conversation buzz (Netizen conversations);Chart performances (Melon, Billboards, Music show competitions)",Maybe,"Alert systems and notifications;Real-time tracking;Customisation (Specific groups, specific members)",,No,"K-pop trading card market price tracker;Assistive search engine for purchasing second-hand merchandise;Interactive K-pop trading card templates;Information on the norms of fan communities in relation to concert etiquette, BST terminology, etc;Calendar tracker of future merchandise drops and predictions to help budget;Income split, assistive saving tracker",Maybe,,Somewhat,,I see new sides of them,,Essential,My friends are fans;I am in group chats or servers dedicated to K-pop;I run a fan account/BST account (interacting often),News Feed;Chat functions;Ranking dashboards;Fancam library;Idol interactivity,,,,N,
2025/07/10 8:46:56 pm GMT+11,,SEVENTEEN,4-6 years,Every day,Occasionally,4-6 years,"Twitter/X;TikTok;Official notices (Weverse Notices, Email Newsletters)",Occasionally,"Online fan conversation buzz (Netizen conversations);Chart performances (Melon, Billboards, Music show competitions)",Maybe,"Customisation (Specific groups, specific members);Effectiveness in summarisation",,Yes,"K-pop trading card market price tracker;Assistive search engine for purchasing second-hand merchandise;Interactive K-pop trading card templates;Information on the norms of fan communities in relation to concert etiquette, BST terminology, etc",Yes,"Jongga - Hoshi (SEVENTEEN), Calvin Klein - Mingyu (SEVENTEEN)",Not at all,Hardworking and inspiring ,I see new sides of them,,Very important,I comment or reply on social media;I am in group chats or servers dedicated to K-pop;I run a fan account/BST account (interacting often),Idol interactivity,"Fanwars (Twitter), and the Instagram tags - doesn't show the most recents posts under a tag, instead shuffles them, making it hard for potential buyers to see your post",Nil,Yes,Y,"No, but all the best ^^ this seems like such an interesting topic to research"
2025/07/10 9:01:35 pm GMT+11,,SEVENTEEN,4-6 years,Occasionally,Occasionally,4-6 years,"Twitter/X;TikTok;Instagram;Discord;Official notices (Weverse Notices, Email Newsletters)",Rarely,Ticket sale availability;Album sales,Maybe,"Customisation (Specific groups, specific members);Effectiveness in summarisation",,Yes,"K-pop trading card market price tracker;Assistive search engine for purchasing second-hand merchandise;Interactive K-pop trading card templates;Information on the norms of fan communities in relation to concert etiquette, BST terminology, etc",Maybe,"Not sponsorship, but Seungkwan (Seventeen) being Jeju Island's ambassador",Not at all,"Handsome, fresh, mature, hardworking",I see new sides of them,,In the middle of very important and a little important,I comment or reply on social media;I am in group chats or servers dedicated to K-pop,Fancam library;Idol interactivity,live translations on weverse are behind a paywall!!,"-
",No,N,
2025/07/10 9:23:30 pm GMT+11,,"SEVENTEEN;TXT;riize, nct, p1h, boynextdoor",4-6 years,Every day,Frequently,4-6 years,"Twitter/X;TikTok;Official notices (Weverse Notices, Email Newsletters)",Rarely,"Online fan conversation buzz (Netizen conversations);Ticket sale availability;Album sales;Chart performances (Melon, Billboards, Music show competitions)",Maybe,"Real-time tracking;Visuals and usability;Customisation (Specific groups, specific members);Ability to search for news sources, photos and more",,Yes,"K-pop trading card market price tracker;Assistive search engine for purchasing second-hand merchandise;Interactive K-pop trading card templates;Information on the norms of fan communities in relation to concert etiquette, BST terminology, etc;Calendar tracker of future merchandise drops and predictions to help budget",Maybe,whichever brand or business they have actually opened up to liking (receiving the sponsorship after publicly speaking out about it),A little,,I see new sides of them,,A little important,I comment or reply on social media;My friends are fans;I run a fan account/BST account (interacting often),News Feed;Chat functions;Idol interactivity,how some hate or targeted posts are never flagged as harmful even when reported,,Yes,Y,
2025/07/10 9:34:03 pm GMT+11,,"SEVENTEEN;zb1, day6",7+ years,Frequently,Occasionally,7+ years,"Twitter/X;TikTok;Official notices (Weverse Notices, Email Newsletters)",Rarely,"Online fan conversation buzz (Netizen conversations);Ticket sale availability;Chart performances (Melon, Billboards, Music show competitions)",Yes,"Real-time tracking;Visuals and usability;Customisation (Specific groups, specific members);Effectiveness in summarisation",,Yes,K-pop trading card market price tracker;Assistive search engine for purchasing second-hand merchandise;Interactive K-pop trading card templates,Yes,While I also like luxury brand endorsements for my idols I personally like their food endorsements (e.g. Jongga Kimchi for Hoshi),A little,"Down to earth, smart, funny, dedicated",Their brand becomes stronger or more prominent,,Very important,My friends are fans;I am in group chats or servers dedicated to K-pop;I run a fan account/BST account (interacting often),"News Feed;Chat functions;Community functions, polls, fan letters;Idol interactivity",Effective algorithms have deteriorated on many apps (e.g. ig),,Yes,N,good luck with this project !!
2025/07/10 10:02:05 pm GMT+11,,"SEVENTEEN;Red Velvet, Twice and Kpop Demon Hunters",1-3 years,Every day,Rarely,Less than 1 year,Twitter/X;Instagram;From izzy... and spotify ,Never,Online fan conversation buzz (Netizen conversations);Merchandise sale availability;Ticket sale availability,Yes,"Visuals and usability;Customisation (Specific groups, specific members);Effectiveness in summarisation","While I do listen to Kpop a lot, the majority of idols I follow aren't korean... but it would be awesome to have a place to see them grow in popularity, general updates, tickets and merch.",No,"Information on the norms of fan communities in relation to concert etiquette, BST terminology, etc;Calendar tracker of future merchandise drops and predictions to help budget",Money is no object in front of my favourite idols,"Gaming, Beverage, Clothing",Somewhat,"Cutesy, ",Their brand becomes stronger or more prominent,,A little important,My friends are fans;I am in group chats or servers dedicated to K-pop,"News Feed;Community functions, polls, fan letters;Idol interactivity","Haters, ads, information/ groups I don't care about appearing in my feed, spam...","Beginner guide to Kpop conventions, the service cant be gate kept by terminology.",Yes,Y,"Sounds like an awesome project, would love to see it expand to other fan communities in the distant future, J idols or even regular/ indie musicians"
2025/07/10 10:18:55 pm GMT+11,,SEVENTEEN;ENHYPEN,7+ years,Frequently,Occasionally,4-6 years,"Twitter/X;Instagram;Official notices (Weverse Notices, Email Newsletters)",Occasionally,Ticket sale availability,Yes,"Customisation (Specific groups, specific members);Ability to search for news sources, photos and more",,Sometimes,K-pop trading card market price tracker;Assistive search engine for purchasing second-hand merchandise;Interactive K-pop trading card templates;Calendar tracker of future merchandise drops and predictions to help budget,Maybe,,Somewhat,,I see new sides of them,,Very important,I am in group chats or servers dedicated to K-pop;I run a fan account/BST account (interacting often),News Feed;Idol interactivity,Weverse app is actually quite laggy on the phone. ,,Yes,Y,Good luck for your projects!! All the best~
2025/07/10 11:37:52 pm GMT+11,,SEVENTEEN;ENHYPEN,7+ years,Every day,Frequently,4-6 years,"Twitter/X;TikTok;Official notices (Weverse Notices, Email Newsletters)",Rarely,Online fan conversation buzz (Netizen conversations);Merchandise sale availability;Ticket sale availability,Yes,"Alert systems and notifications;Real-time tracking;Visuals and usability;Customisation (Specific groups, specific members);Effectiveness in summarisation;Ability to search for news sources, photos and more",,Yes,"Assistive search engine for purchasing second-hand merchandise;Interactive K-pop trading card templates;Calendar tracker of future merchandise drops and predictions to help budget;Income split, assistive saving tracker",Yes,Banila Co for Jeonghan,Somewhat,,I see new sides of them,,A little important,My friends are fans;I run a fan account/BST account (interacting often),News Feed;Chat functions,,,Yes,N,
2025/07/10 11:46:33 pm GMT+11,,SEVENTEEN,1-3 years,Frequently,Occasionally,1-3 years,Twitter/X;TikTok;YouTube;Instagram,Occasionally,YouTube view counts;Ticket sale availability;Album sales,Maybe,"Alert systems and notifications;Real-time tracking;Customisation (Specific groups, specific members);Ability to search for news sources, photos and more",,No,K-pop trading card market price tracker;Interactive K-pop trading card templates;Calendar tracker of future merchandise drops and predictions to help budget,Yes,woozi doesn‚Äôt really model for a lot of brands. but vernon recently did one for a skin care company that i really liked! it was to do with science.,A little,,I see new sides of them,,Very important,I comment or reply on social media;I attend events and meetups;I run a fan account/BST account (interacting often),"News Feed;Chat functions;Fancam library;Community functions, polls, fan letters;Idol interactivity",instagram can be very annoying when it comes to bst. especially after they changed the hashtags,more levelheadedness if you know what i mean? sometimes i wish people would realise idols are people too and that stalking/following them around whilst they are somewhere is gross behaviour ,No,N,
2025/07/10 11:54:25 pm GMT+11,,SEVENTEEN,4-6 years,Every day,Frequently,1-3 years,"TikTok;Instagram;Official notices (Weverse Notices, Email Newsletters)",Rarely,Online fan conversation buzz (Netizen conversations);Merchandise sale availability;Album sales,Maybe,Real-time tracking;Visuals and usability;Effectiveness in summarisation,,No,K-pop trading card market price tracker;Assistive search engine for purchasing second-hand merchandise;Calendar tracker of future merchandise drops and predictions to help budget,Yes,,A lot,It all fits with my bias. Like those products give their vibe to it.,Their brand becomes stronger or more prominent,,Essential,I am in group chats or servers dedicated to K-pop;I attend events and meetups,News Feed;Chat functions;Fancam library,"Nothing much, sometimes images and news being pop up with no source or legitimacy make ppl confused.",Every news report should have sources and be checked before being released to the fan community.,Yes,Y,
2025/07/11 12:48:00 am GMT+11,,SEVENTEEN;TXT;ENHYPEN,7+ years,Frequently,Frequently,7+ years,"TikTok;Instagram;Official notices (Weverse Notices, Email Newsletters)",Rarely,"Ticket sale availability;Album sales;Chart performances (Melon, Billboards, Music show competitions)",Yes,"Real-time tracking;Visuals and usability;Customisation (Specific groups, specific members)",,Yes,"K-pop trading card market price tracker;Income split, assistive saving tracker",Yes,,Somewhat,,Their brand doesn't change,,A little important,My friends are fans;I am in group chats or servers dedicated to K-pop;I attend events and meetups;I run a fan account/BST account (interacting often),"News Feed;Community functions, polls, fan letters",,,,N,
2025/07/11 12:48:03 am GMT+11,,SEVENTEEN;TXT;ENHYPEN,7+ years,Frequently,Frequently,7+ years,"TikTok;Instagram;Official notices (Weverse Notices, Email Newsletters)",Rarely,"Ticket sale availability;Album sales;Chart performances (Melon, Billboards, Music show competitions)",Yes,"Real-time tracking;Visuals and usability;Customisation (Specific groups, specific members)",,Yes,"K-pop trading card market price tracker;Income split, assistive saving tracker",Yes,,Somewhat,,Their brand doesn't change,,A little important,My friends are fans;I am in group chats or servers dedicated to K-pop;I attend events and meetups;I run a fan account/BST account (interacting often),"News Feed;Community functions, polls, fan letters",,,,N,
2025/07/11 12:50:47 am GMT+11,,"idle, mamamoo, dreamcatcher, aespa, twice",7+ years,Frequently,Occasionally,1-3 years,Twitter/X;Instagram;Discord,Rarely,Online fan conversation buzz (Netizen conversations);Merchandise sale availability;Ticket sale availability;Album sales,Maybe,"Visuals and usability;Customisation (Specific groups, specific members);Effectiveness in summarisation;Ability to search for news sources, photos and more",,Yes,"K-pop trading card market price tracker;Assistive search engine for purchasing second-hand merchandise;Interactive K-pop trading card templates;Information on the norms of fan communities in relation to concert etiquette, BST terminology, etc;Calendar tracker of future merchandise drops and predictions to help budget;Income split, assistive saving tracker",Yes,Sanrio etc.(brands that are more accessible to everyday consumer),A little,"Sleek, powerful, fun etc.",I see new sides of them,,Very important,I comment or reply on social media;My friends are fans;I am in group chats or servers dedicated to K-pop;I attend events and meetups;I run a fan account/BST account (interacting often),"News Feed;Chat functions;Fancam library;Community functions, polls, fan letters","Can be invasive I.e. tracks your data, unreasonable cost (for bubble etc.), too scattered etc.",A one stop shop for things that have been mentioned in this survey already.,Yes,N,This is an interesting exercise you're doing - will be interested to see what comes out of your research : )
2025/07/11 1:19:45 am GMT+11,,SEVENTEEN;SHINee,7+ years,Frequently,Occasionally,7+ years,"Twitter/X;Instagram;Official notices (Weverse Notices, Email Newsletters)",Rarely,Album sales,Maybe,Effectiveness in summarisation,,No,K-pop trading card market price tracker,Maybe,,Somewhat,,,,A little important,I comment or reply on social media,News Feed,,,,N,
2025/07/11 1:23:11 am GMT+11,,SEVENTEEN,1-3 years,Every day,Occasionally,Less than 1 year,"Twitter/X;TikTok;Instagram;Official notices (Weverse Notices, Email Newsletters)",Never,"Merchandise sale availability;Album sales;Chart performances (Melon, Billboards, Music show competitions)",Maybe,"Alert systems and notifications;Customisation (Specific groups, specific members)",,No,"Interactive K-pop trading card templates;Information on the norms of fan communities in relation to concert etiquette, BST terminology, etc;Income split, assistive saving tracker",Yes,Dior,Somewhat,fashion,I see new sides of them,,Very important,I comment or reply on social media;My friends are fans;I am in group chats or servers dedicated to K-pop;I attend events and meetups;I run a fan account/BST account (interacting often),"News Feed;Chat functions;Community functions, polls, fan letters;Idol interactivity",some recent new feed won‚Äôt show up till later or you‚Äôll miss something bc of reloads,more nicer people ü§£,Yes,Y,
2025/07/11 1:45:14 am GMT+11,,SEVENTEEN;ENHYPEN,7+ years,Frequently,Occasionally,4-6 years,Instagram,Never,I don‚Äôt really keep track ,Maybe,"Visuals and usability;Customisation (Specific groups, specific members);Effectiveness in summarisation",,No,Assistive search engine for purchasing second-hand merchandise,No,PJs,A little,Cute,I see new sides of them,,A little important,I run a fan account/BST account (interacting often),Idol interactivity,Weverse is very slow :( ,,Yes,Y,
2025/07/11 8:47:29 am GMT+11,,SEVENTEEN,7+ years,Frequently,Occasionally,1-3 years,Twitter/X,Rarely,Online fan conversation buzz (Netizen conversations);Album sales,Yes,"Visuals and usability;Customisation (Specific groups, specific members);Effectiveness in summarisation",,Yes,"Assistive search engine for purchasing second-hand merchandise;Calendar tracker of future merchandise drops and predictions to help budget;Income split, assistive saving tracker",Yes,"Beauty (D‚Äôalba, Banila co) and fashion (Bally, Dsquared, YSL)",A little,"Clean, minimal, elegant, positive.",Their brand becomes stronger or more prominent,,Very important,My friends are fans;I run a fan account/BST account (interacting often),"News Feed;Chat functions;Community functions, polls, fan letters","With Twitter, I often get irrelevant posts of my TL from groups I don‚Äôt follow. Weverse is very laggy which makes me not use it. Instagram is good for finding fandom merch but the search engine is terrible.",A sole website/app where you can BST kpop goods and find second-hand albums/merch. Like mercari but not just limited to the US/Japan.,Yes,Y,
2025/07/11 9:38:35 am GMT+11,,nct dream,4-6 years,Frequently,Rarely,1-3 years,Twitter/X;YouTube,Never,Online fan conversation buzz (Netizen conversations);Merchandise sale availability;Ticket sale availability;Album sales,No,"Real-time tracking;Visuals and usability;Customisation (Specific groups, specific members);Effectiveness in summarisation",,Yes,"K-pop trading card market price tracker;Income split, assistive saving tracker",Yes,,A little,,I see new sides of them,,A little important,I comment or reply on social media;My friends are fans,"Community functions, polls, fan letters;Idol interactivity",bad visibility to new posts ,,Yes,N,
2025/07/11 12:22:41 pm GMT+11,,SEVENTEEN;BTS,4-6 years,Every day,Frequently,4-6 years,Twitter/X;TikTok,Occasionally,"Online fan conversation buzz (Netizen conversations);Chart performances (Melon, Billboards, Music show competitions)",Yes,"Alert systems and notifications;Visuals and usability;Ability to search for news sources, photos and more",,Yes,"K-pop trading card market price tracker;Information on the norms of fan communities in relation to concert etiquette, BST terminology, etc",Maybe,,Somewhat,,Their brand becomes stronger or more prominent,,A little important,I comment or reply on social media;My friends are fans;I attend events and meetups,"News Feed;Community functions, polls, fan letters;Idol interactivity","instagram: can't use hashtags anymore, has become obselete. hard to find stuff. weverse: so many things are behind a paywall.",,No,N,
2025/07/11 12:28:37 pm GMT+11,,SEVENTEEN,1-3 years,Frequently,Occasionally,Less than 1 year,TikTok;Instagram,Rarely,"Online fan conversation buzz (Netizen conversations);Ticket sale availability;Chart performances (Melon, Billboards, Music show competitions)",Yes,"Alert systems and notifications;Customisation (Specific groups, specific members);Effectiveness in summarisation;Ability to search for news sources, photos and more",,Yes,"K-pop trading card market price tracker;Assistive search engine for purchasing second-hand merchandise;Interactive K-pop trading card templates;Information on the norms of fan communities in relation to concert etiquette, BST terminology, etc;Calendar tracker of future merchandise drops and predictions to help budget",Yes,"Dior & Mingyu, Jennie & Channel ",Somewhat,Charismatic ,I see new sides of them,,A little important,I run a fan account/BST account (interacting often),News Feed;Fancam library;Idol interactivity,,,Yes,N,
2025/07/11 12:48:25 pm GMT+11,,"SEVENTEEN;Stray Kids, Ateez",7+ years,Frequently,Occasionally,7+ years,Twitter/X;TikTok,Rarely,Merchandise sale availability;Ticket sale availability,No,"Alert systems and notifications;Customisation (Specific groups, specific members);Effectiveness in summarisation",,No,K-pop trading card market price tracker;Calendar tracker of future merchandise drops and predictions to help budget,Yes,,A little,,Their brand doesn't change,,Not important,My friends are fans,Idol interactivity,,,Yes,N,
2025/07/11 1:05:00 pm GMT+11,,SEVENTEEN;TXT,4-6 years,Frequently,Occasionally,1-3 years,TikTok;Instagram,Rarely,Online fan conversation buzz (Netizen conversations);Album sales,Yes,"Real-time tracking;Visuals and usability;Customisation (Specific groups, specific members)",,Yes,"K-pop trading card market price tracker;Assistive search engine for purchasing second-hand merchandise;Interactive K-pop trading card templates;Information on the norms of fan communities in relation to concert etiquette, BST terminology, etc;Calendar tracker of future merchandise drops and predictions to help budget;Income split, assistive saving tracker",Yes,,A little,,Their brand doesn't change,,A little important,My friends are fans,"Community functions, polls, fan letters;Idol interactivity",i wouldn't say i find anything frustrating,,Yes,N,
2025/07/11 5:15:57 pm GMT+11,,SEVENTEEN;NCT,7+ years,Every day,Frequently,4-6 years,"Twitter/X;Instagram;Official notices (Weverse Notices, Email Newsletters)",Occasionally,YouTube view counts;Merchandise sale availability;Ticket sale availability,Yes,"Alert systems and notifications;Visuals and usability;Customisation (Specific groups, specific members);Effectiveness in summarisation",,Yes,"K-pop trading card market price tracker;Assistive search engine for purchasing second-hand merchandise;Interactive K-pop trading card templates;Calendar tracker of future merchandise drops and predictions to help budget;Income split, assistive saving tracker",Maybe,"Skincare, Athletic",A lot,"Active, takes care of themselves, confident",I see new sides of them,,Very important,I comment or reply on social media;My friends are fans;I am in group chats or servers dedicated to K-pop;I attend events and meetups;I run a fan account/BST account (interacting often),Chat functions;Fancam library;Idol interactivity,fights between fandoms,,Yes,N,
2025/07/12 2:00:00 am GMT+11,,SEVENTEEN,7+ years,Frequently,Occasionally,1-3 years,"Twitter/X;Instagram;Official notices (Weverse Notices, Email Newsletters)",Frequently,"YouTube view counts;Merchandise sale availability;Ticket sale availability;Album sales;Chart performances (Melon, Billboards, Music show competitions)",Yes,"Alert systems and notifications;Visuals and usability;Customisation (Specific groups, specific members);Effectiveness in summarisation",,No,"K-pop trading card market price tracker;Assistive search engine for purchasing second-hand merchandise;Information on the norms of fan communities in relation to concert etiquette, BST terminology, etc;Calendar tracker of future merchandise drops and predictions to help budget;Income split, assistive saving tracker",Yes,"Innisfree, ADLV",Somewhat,Cool and comfy,Their brand becomes stronger or more prominent,,Very important,I run a fan account/BST account (interacting often),"News Feed;Fancam library;Community functions, polls, fan letters;Idol interactivity","It's hard to control the algorithm. If i watch one reel with hate content by accident, other reels like that would pop up.",An easier way to ban toxic kpop fans.,Yes,Y,
2025/07/12 1:43:19 pm GMT+11,,SEVENTEEN,4-6 years,Every day,Frequently,1-3 years,"Twitter/X;YouTube;Instagram;Official notices (Weverse Notices, Email Newsletters)",Occasionally,"Merchandise sale availability;Ticket sale availability;Album sales;Chart performances (Melon, Billboards, Music show competitions)",Maybe,"Real-time tracking;Visuals and usability;Customisation (Specific groups, specific members);Effectiveness in summarisation",,Yes,K-pop trading card market price tracker;Assistive search engine for purchasing second-hand merchandise;Interactive K-pop trading card templates,Yes,,Somewhat,,Their brand becomes stronger or more prominent,,Very important,I comment or reply on social media;My friends are fans;I am in group chats or servers dedicated to K-pop;I attend events and meetups;I run a fan account/BST account (interacting often),News Feed;Chat functions;Fancam library;Idol interactivity,Wvs - need to pay for membership for some content,,Yes,Y,
2025/07/12 10:56:45 pm GMT+11,,SEVENTEEN,4-6 years,Every day,Occasionally,1-3 years,Twitter/X,Occasionally,"YouTube view counts;Online fan conversation buzz (Netizen conversations);Chart performances (Melon, Billboards, Music show competitions)",Yes,"Alert systems and notifications;Real-time tracking;Visuals and usability;Customisation (Specific groups, specific members);Effectiveness in summarisation;Ability to search for news sources, photos and more",,Yes,"K-pop trading card market price tracker;Assistive search engine for purchasing second-hand merchandise;Interactive K-pop trading card templates;Information on the norms of fan communities in relation to concert etiquette, BST terminology, etc;Calendar tracker of future merchandise drops and predictions to help budget;Income split, assistive saving tracker",Yes,Banilaco,Somewhat,Clean,Their brand doesn't change,,A little important,I don't,Fancam library,When people who don‚Äôt stan a group but go on the group‚Äôs post to write negative comments,N/a,Yes,Y,
2025/07/13 12:47:44 pm GMT+11,,SEVENTEEN,7+ years,Frequently,Rarely,7+ years,Twitter/X;Instagram,Rarely,Ticket sale availability;Album sales,Maybe,"Real-time tracking;Visuals and usability;Customisation (Specific groups, specific members);Effectiveness in summarisation;Ability to search for news sources, photos and more",,No,"K-pop trading card market price tracker;Assistive search engine for purchasing second-hand merchandise;Interactive K-pop trading card templates;Information on the norms of fan communities in relation to concert etiquette, BST terminology, etc;Calendar tracker of future merchandise drops and predictions to help budget;Income split, assistive saving tracker",Yes,Boss,Somewhat,Confidence,I see new sides of them,,A little important,I comment or reply on social media;My friends are fans;I am in group chats or servers dedicated to K-pop;I run a fan account/BST account (interacting often),"News Feed;Chat functions;Fancam library;Community functions, polls, fan letters;Idol interactivity",Excessive raised pricing,Permanent blacklisting of saesangs ,No,N,
2025/07/14 2:22:37 pm GMT+11,,TXT;ENHYPEN,1-3 years,Occasionally,Rarely,1-3 years,Twitter/X;TikTok,Occasionally,"Online fan conversation buzz (Netizen conversations);Ticket sale availability;Chart performances (Melon, Billboards, Music show competitions)",Yes,"Alert systems and notifications;Real-time tracking;Customisation (Specific groups, specific members)",,No,K-pop trading card market price tracker;Interactive K-pop trading card templates,Yes,,Not at all,,Their brand becomes stronger or more prominent,,Very important,My friends are fans;I run a fan account/BST account (interacting often),Chat functions;Fancam library;Idol interactivity,,,Yes,Y,
2025/07/14 11:48:53 pm GMT+11,,SEVENTEEN;TXT,1-3 years,Frequently,Occasionally,1-3 years,"Twitter/X;TikTok;Instagram;Official notices (Weverse Notices, Email Newsletters)",Rarely,Online fan conversation buzz (Netizen conversations);Album sales,Yes,"Real-time tracking;Customisation (Specific groups, specific members);Effectiveness in summarisation;Ability to search for news sources, photos and more",,Yes,"K-pop trading card market price tracker;Assistive search engine for purchasing second-hand merchandise;Information on the norms of fan communities in relation to concert etiquette, BST terminology, etc;Calendar tracker of future merchandise drops and predictions to help budget",Yes,,Somewhat,,Their brand becomes stronger or more prominent,,A little important,I comment or reply on social media;My friends are fans;I attend events and meetups,"News Feed;Fancam library;Community functions, polls, fan letters",,,Yes,N,
2025/07/15 6:36:53 pm GMT+11,,SEVENTEEN,4-6 years,Every day,Occasionally,4-6 years,Twitter/X;TikTok;Instagram,Rarely,"YouTube view counts;Album sales;Chart performances (Melon, Billboards, Music show competitions)",Maybe,"Real-time tracking;Visuals and usability;Customisation (Specific groups, specific members)",,Yes,K-pop trading card market price tracker;Interactive K-pop trading card templates;Calendar tracker of future merchandise drops and predictions to help budget,Yes,,Somewhat,,,,A little important,My friends are fans,Fancam library,,,Yes,N,
2025/07/16 12:39:10 am GMT+11,,"SEVENTEEN;the boyz, ateez, aespa, nct",7+ years,Frequently,Frequently,4-6 years,Twitter/X;TikTok,Occasionally,"Online fan conversation buzz (Netizen conversations);Merchandise sale availability;Ticket sale availability;Chart performances (Melon, Billboards, Music show competitions)",Yes,"Real-time tracking;Visuals and usability;Customisation (Specific groups, specific members);Effectiveness in summarisation",,Yes,K-pop trading card market price tracker;Assistive search engine for purchasing second-hand merchandise;Interactive K-pop trading card templates;Calendar tracker of future merchandise drops and predictions to help budget,Yes,"seonghwa and songzio, felix and louis vuitton, wonyoung and miu miu",Somewhat,,Their brand becomes stronger or more prominent,,Very important,My friends are fans;I run a fan account/BST account (interacting often),"News Feed;Chat functions;Community functions, polls, fan letters",harder to build communities within fandoms,,Yes,Y,
2025/07/17 12:39:37 am GMT+11,,SEVENTEEN,7+ years,Every day,Every day,7+ years,"Twitter/X;YouTube;Instagram;Website news outlets and articles;Official notices (Weverse Notices, Email Newsletters);Allkpop.com",Occasionally,"YouTube view counts;Online fan conversation buzz (Netizen conversations);Ticket sale availability;Chart performances (Melon, Billboards, Music show competitions)",Maybe,"Real-time tracking;Visuals and usability;Customisation (Specific groups, specific members);Effectiveness in summarisation",,Yes,"K-pop trading card market price tracker;Assistive search engine for purchasing second-hand merchandise;Information on the norms of fan communities in relation to concert etiquette, BST terminology, etc;Calendar tracker of future merchandise drops and predictions to help budget;Income split, assistive saving tracker",Maybe,"For Seungkwan since he likes badminton and volleyball, so anything related to those sports ",A little,"sporty or athletic, cute, handsome, nerdy, passionate",Their brand doesn't change,,A little important,My friends are fans;I attend events and meetups;I run a fan account/BST account (interacting often),News Feed;Idol interactivity,nothing really,Huntrix and Saja Boys ,No,N,
2025/07/25 8:49:13 pm GMT+11,,SEVENTEEN;Ateez,1-3 years,Every day,Frequently,1-3 years,TikTok;Instagram;Discord,Occasionally,"YouTube view counts;Album sales;Chart performances (Melon, Billboards, Music show competitions)",Yes,"Real-time tracking;Customisation (Specific groups, specific members)",,Yes,"Assistive search engine for purchasing second-hand merchandise;Calendar tracker of future merchandise drops and predictions to help budget;Income split, assistive saving tracker",Yes,,A little,"Truth to himself, cool, composed",I see new sides of them,,A little important,My friends are fans;I am in group chats or servers dedicated to K-pop;I run a fan account/BST account (interacting often),"News Feed;Chat functions;Ranking dashboards;Fancam library;Community functions, polls, fan letters;Idol interactivity",,,Yes,Y,No thank youü•∫
2025/07/26 6:08:14 am GMT+11,,Stray kids ,1-3 years,Every day,Occasionally,1-3 years,Instagram,Occasionally,A bit of everything ,Yes,"Alert systems and notifications;Customisation (Specific groups, specific members);Ability to search for news sources, photos and more",,Yes,K-pop trading card market price tracker;Interactive K-pop trading card templates,Yes,Felix and Louis Vuitton ,A little,I have no clue honestly ,Their brand doesn't change,,Very important,I comment or reply on social media;My friends are fans;I am in group chats or servers dedicated to K-pop;I run a fan account/BST account (interacting often),"News Feed;Chat functions;Ranking dashboards;Fancam library;Community functions, polls, fan letters;Idol interactivity",Rude people ,,No,N,Thank you for the ga! Is a cool idea 
2025/08/01 3:00:48 am GMT+11,,"SEVENTEEN;TXT;ENHYPEN;BTS;Stray kids, Ateez. ",4-6 years,Frequently,Rarely,1-3 years,Twitter/X;YouTube;Instagram,Occasionally,"YouTube view counts;Online fan conversation buzz (Netizen conversations);Merchandise sale availability;Ticket sale availability;Album sales;Chart performances (Melon, Billboards, Music show competitions)",Maybe,"Alert systems and notifications;Real-time tracking;Customisation (Specific groups, specific members)",,Yes,"K-pop trading card market price tracker;Calendar tracker of future merchandise drops and predictions to help budget;Income split, assistive saving tracker",No,Unicef and lots of. ,A little,It need to be genuine and honest. ,Their brand becomes stronger or more prominent,,Very important,I am in group chats or servers dedicated to K-pop;I run a fan account/BST account (interacting often),"Chat functions;Community functions, polls, fan letters;Idol interactivity",Maybe the subscription. ,Untoxicity towards others groups or idols by antis... All people have their own choices. Why toxic people love to harm other idols. Idk..  ,Yes,N,
2025/08/02 11:51:53 pm GMT+11,,SEVENTEEN;BTS,1-3 years,Rarely,Rarely,Less than 1 year,YouTube;Instagram,Never,YouTube view counts,Maybe,"Visuals and usability;Customisation (Specific groups, specific members);Effectiveness in summarisation;Ability to search for news sources, photos and more",,No,"Information on the norms of fan communities in relation to concert etiquette, BST terminology, etc;Calendar tracker of future merchandise drops and predictions to help budget",No,,Not at all,Sexy ,Their brand becomes stronger or more prominent,,Not important,I don't,News Feed;Chat functions;Idol interactivity,Toxicity,,No,N,
2025/08/02 11:53:13 pm GMT+11,,Stray Kids,7+ years,Frequently,Frequently,1-3 years,TikTok;Instagram;Website news outlets and articles,Rarely,Ticket sale availability;Album sales,Yes,"Visuals and usability;Effectiveness in summarisation;Ability to search for news sources, photos and more",,Yes,"K-pop trading card market price tracker;Calendar tracker of future merchandise drops and predictions to help budget;Income split, assistive saving tracker",Maybe,,A little,,I see new sides of them,,Very important,My friends are fans,"News Feed;Chat functions;Community functions, polls, fan letters",,,,N,
2025/08/03 12:02:52 am GMT+11,,"NCT, SKZ",7+ years,Frequently,Occasionally,1-3 years,Twitter/X;Instagram,Rarely,"Online fan conversation buzz (Netizen conversations);Album sales;Chart performances (Melon, Billboards, Music show competitions)",Maybe,"Alert systems and notifications;Visuals and usability;Customisation (Specific groups, specific members);Effectiveness in summarisation",,Yes,"Assistive search engine for purchasing second-hand merchandise;Information on the norms of fan communities in relation to concert etiquette, BST terminology, etc;Calendar tracker of future merchandise drops and predictions to help budget",No,citybreeze ,Somewhat,"clean, refreshing, glowy, active ",I see new sides of them,,Essential,My friends are fans;I attend events and meetups;I run a fan account/BST account (interacting often),News Feed;Idol interactivity,"many things are behind expensive paywalls like subscriptions, and the push to integrate into one platform only like weverse - or other groups developing their own app to compete like JYP‚Äôs Fans(? and it becomes too much on your phone‚Äôs storage. Also the way some notices/events or new music promotions aren‚Äôt broadcasted on all of the group‚Äôs social media platforms. I don‚Äôt want to exit an app just to read an annoucement of an enlistment, and then switch apps again for better fellow fans interactions/reactions to the news (simply due to regulations and censorship as well bc Kr cyber laws vs US cyber laws). Switching apps is annoying bc for most ppl weverse then becomes a single use app, so inconvenient.  ",,No,N,
2025/12/26 7:19:46 pm GMT+11,,SEVENTEEN,7+ years,Every day,Every day,1-3 years,"Twitter/X;Instagram;Website news outlets and articles;Official notices (Weverse Notices, Email Newsletters)",Frequently,"Online fan conversation buzz (Netizen conversations);Merchandise sale availability;Ticket sale availability;Album sales;Chart performances (Melon, Billboards, Music show competitions)",Yes,"Customisation (Specific groups, specific members);Effectiveness in summarisation;Ability to search for news sources, photos and more",,No,"K-pop trading card market price tracker;Assistive search engine for purchasing second-hand merchandise;Interactive K-pop trading card templates;Information on the norms of fan communities in relation to concert etiquette, BST terminology, etc;Calendar tracker of future merchandise drops and predictions to help budget",Yes,,A lot,,I see new sides of them,,Essential,I run a fan account/BST account (interacting often),News Feed;Idol interactivity,,,,N,
